--liquibase formatted sql

--changeset lzordan:00.03.01
--comment: insert into SGV_AIRPLANE
INSERT INTO SGV_AIRPLANE (ID_AIRPLANE, NAME, CAPACITY, WEIGHT, SUPPLIER) VALUES (1, 'P 51 Mustang', 2, 5000, 'Supplier 1');
INSERT INTO SGV_AIRPLANE (ID_AIRPLANE, NAME, CAPACITY, WEIGHT, SUPPLIER) VALUES (2, '747', 180, 55000, 'Boeing');
INSERT INTO SGV_AIRPLANE (ID_AIRPLANE, NAME, CAPACITY, WEIGHT, SUPPLIER) VALUES (3, 'A380', 90, 25000, 'Airbus');
INSERT INTO SGV_AIRPLANE (ID_AIRPLANE, NAME, CAPACITY, WEIGHT, SUPPLIER) VALUES (4, 'F 22 Raptor', 4, 8500, 'Supplier 2');
INSERT INTO SGV_AIRPLANE (ID_AIRPLANE, NAME, CAPACITY, WEIGHT, SUPPLIER) VALUES (5, 'Tu 95', 25, 12800, 'Supplier 1');
--rollback DELETE FROM SGV_AIRPLANE;

--changeset lzordan:00.03.02
--comment: insert into SGV_CITY
INSERT INTO SGV_CITY (ID_CITY, STATE, COUNTRY) VALUES (1, 'São Paulo', 'Brasil');
INSERT INTO SGV_CITY (ID_CITY, STATE, COUNTRY) VALUES (2, 'Minas Gerais', 'Brasil');
INSERT INTO SGV_CITY (ID_CITY, STATE, COUNTRY) VALUES (3, 'Brasilia', 'Brasil');
INSERT INTO SGV_CITY (ID_CITY, STATE, COUNTRY) VALUES (4, 'Bahia', 'Brasil');
INSERT INTO SGV_CITY (ID_CITY, STATE, COUNTRY) VALUES (5, 'Rio de Janeiro', 'Brasil');
--rollback DELETE FROM SGV_CITY;

--changeset lzordan:00.03.03
--comment: insert into SGV_PILOT
INSERT INTO SGV_PILOT (ID_PILOT, NAME, LAST_NAME, AGE, FLIGHT_COUNT) VALUES (1, 'Francisco', 'Godoy', 28, 12);
INSERT INTO SGV_PILOT (ID_PILOT, NAME, LAST_NAME, AGE, FLIGHT_COUNT) VALUES (2, 'João', 'Baltazar', 55, 148);
INSERT INTO SGV_PILOT (ID_PILOT, NAME, LAST_NAME, AGE, FLIGHT_COUNT) VALUES (3, 'Madalena', 'Santeio', 32, 48);
--rollback DELETE FROM SGV_PILOT;

--changeset lzordan:00.03.04
--comment: insert into SGV_FLIGHT
INSERT INTO SGV_FLIGHT (ID_FLIGHT, DEPARTURE_TIME, ARRIVAL_TIME, ORIGIN, DESTINY, AIRPLANE, PILOT, FLIGHT_STATUS) VALUES (1, '13:12', '18:48', 1, 4, 1, 1, 1);
INSERT INTO SGV_FLIGHT (ID_FLIGHT, DEPARTURE_TIME, ARRIVAL_TIME, ORIGIN, DESTINY, AIRPLANE, PILOT, FLIGHT_STATUS) VALUES (2, '18:54', '08:06', 3, 1, 2, 2, 6);
INSERT INTO SGV_FLIGHT (ID_FLIGHT, DEPARTURE_TIME, ARRIVAL_TIME, ORIGIN, DESTINY, AIRPLANE, PILOT, FLIGHT_STATUS) VALUES (3, '09:15', '16:02', 1, 3, 3, 3, 2);
INSERT INTO SGV_FLIGHT (ID_FLIGHT, DEPARTURE_TIME, ARRIVAL_TIME, ORIGIN, DESTINY, AIRPLANE, PILOT, FLIGHT_STATUS) VALUES (4, '23:47', '10:15', 4, 1, 4, 1, 3);
INSERT INTO SGV_FLIGHT (ID_FLIGHT, DEPARTURE_TIME, ARRIVAL_TIME, ORIGIN, DESTINY, AIRPLANE, PILOT, FLIGHT_STATUS) VALUES (5, '10:15', '13:12', 2, 1, 5, 2, 2);
INSERT INTO SGV_FLIGHT (ID_FLIGHT, DEPARTURE_TIME, ARRIVAL_TIME, ORIGIN, DESTINY, AIRPLANE, PILOT, FLIGHT_STATUS) VALUES (6, '14:13', '13:58', 5, 4, 1, 3, 2);
INSERT INTO SGV_FLIGHT (ID_FLIGHT, DEPARTURE_TIME, ARRIVAL_TIME, ORIGIN, DESTINY, AIRPLANE, PILOT, FLIGHT_STATUS) VALUES (7, '05:47', '15:22', 1, 2, 2, 3, 3);
INSERT INTO SGV_FLIGHT (ID_FLIGHT, DEPARTURE_TIME, ARRIVAL_TIME, ORIGIN, DESTINY, AIRPLANE, PILOT, FLIGHT_STATUS) VALUES (8, '08:59', '18:54', 3, 4, 3, 2, 2);
INSERT INTO SGV_FLIGHT (ID_FLIGHT, DEPARTURE_TIME, ARRIVAL_TIME, ORIGIN, DESTINY, AIRPLANE, PILOT, FLIGHT_STATUS) VALUES (9, '13:58', '02:26', 2, 1, 3, 3, 6);
INSERT INTO SGV_FLIGHT (ID_FLIGHT, DEPARTURE_TIME, ARRIVAL_TIME, ORIGIN, DESTINY, AIRPLANE, PILOT, FLIGHT_STATUS) VALUES (10, '16:02', '12:15', 2, 3, 5, 1, 4);
--rollback DELETE FROM SGV_FLIGHT;